epoch,time,train/box_loss,train/pose_loss,train/kobj_loss,train/cls_loss,train/dfl_loss,metrics/precision(B),metrics/recall(B),metrics/mAP50(B),metrics/mAP50-95(B),metrics/precision(P),metrics/recall(P),metrics/mAP50(P),metrics/mAP50-95(P),val/box_loss,val/pose_loss,val/kobj_loss,val/cls_loss,val/dfl_loss,lr/pg0,lr/pg1,lr/pg2
1,112.772,1.07141,11.9036,0.64747,3.95315,1.5115,0.98321,0.99632,0.99058,0.87673,0,0,0,0,0.54741,11.5854,0.2391,0.63208,1.10645,4.6148e-05,4.6148e-05,4.6148e-05
2,185.996,0.62417,11.3668,0.47956,1.3471,1.0957,0.99493,0.999,0.99487,0.91196,0,0,0,0,0.45506,9.53556,0.17682,0.35431,1.01861,9.15658e-05,9.15658e-05,9.15658e-05
3,259.468,0.55023,10.5668,0.42917,0.91354,1.05023,0.996,0.99808,0.99494,0.92622,0,0,0,0,0.42723,8.7318,0.19591,0.32675,0.9978,0.000136066,0.000136066,0.000136066
4,328.289,0.52973,9.93353,0.40639,0.82703,1.03319,0.99699,1,0.99488,0.92346,0.00108,0.001,0.00039,4e-05,0.41507,7.54144,0.21783,0.31654,0.98539,0.000134872,0.000134872,0.000134872
5,397.401,0.52034,9.31461,0.4059,0.79296,1.03363,0.99727,0.999,0.99498,0.92128,0.03832,0.03604,0.00731,0.00076,0.40129,6.48839,0.23528,0.32888,0.9781,0.000133496,0.000133496,0.000133496
6,468.52,0.51298,9.0239,0.39881,0.76198,1.02741,0.99814,1,0.99499,0.92597,0.08439,0.08308,0.01965,0.00213,0.38366,6.10809,0.23985,0.277,0.96222,0.000132119,0.000132119,0.000132119
7,540.685,0.5117,8.67317,0.39442,0.74073,1.02616,0.99727,1,0.99497,0.9211,0.06673,0.06507,0.01059,0.00115,0.39449,6.15346,0.25215,0.28932,0.967,0.000130743,0.000130743,0.000130743
8,609.48,0.49045,8.41353,0.39182,0.70308,1.01483,0.99762,1,0.99498,0.92761,0.31772,0.30931,0.14403,0.01704,0.37965,5.49295,0.23588,0.2693,0.95763,0.000129367,0.000129367,0.000129367
9,681.463,0.49639,8.08152,0.38639,0.69644,1.01882,0.998,0.99975,0.9947,0.92443,0.36426,0.35936,0.18189,0.02215,0.38391,5.22786,0.24039,0.27321,0.95868,0.000127991,0.000127991,0.000127991
10,751.707,0.4933,7.84026,0.37588,0.6645,1.01482,0.99479,0.999,0.99473,0.92895,0.44692,0.44044,0.26017,0.0332,0.37855,4.97924,0.23127,0.2896,0.95521,0.000126615,0.000126615,0.000126615
11,822.073,0.48594,7.57654,0.37903,0.64168,1.00792,0.997,0.99889,0.99488,0.92395,0.58677,0.58258,0.40655,0.06163,0.38182,4.67168,0.23147,0.27245,0.95567,0.000125239,0.000125239,0.000125239
12,892.707,0.47772,7.42604,0.37178,0.62058,1.00289,0.99736,1,0.99498,0.9361,0.67668,0.66867,0.54484,0.09287,0.35503,4.52725,0.23235,0.2519,0.93947,0.000123863,0.000123863,0.000123863
13,961.954,0.48032,7.26184,0.36286,0.60652,1.00312,0.99717,1,0.99495,0.93138,0.61306,0.60661,0.45843,0.06776,0.36558,4.54251,0.22535,0.25407,0.94462,0.000122487,0.000122487,0.000122487
14,1032.29,0.46777,7.15105,0.36274,0.58083,1.00016,0.9968,1,0.99489,0.936,0.74201,0.73774,0.63774,0.1179,0.35529,4.23583,0.22203,0.25218,0.94157,0.000121111,0.000121111,0.000121111
15,1102.04,0.47605,7.05144,0.35922,0.56266,1.00539,0.99694,0.999,0.99497,0.93244,0.81616,0.80881,0.74357,0.15812,0.36319,3.95705,0.21676,0.257,0.94292,0.000119735,0.000119735,0.000119735
16,1172.26,0.46583,6.87747,0.35827,0.54485,0.99934,0.99676,1,0.99497,0.93444,0.59775,0.58959,0.4503,0.0724,0.36176,4.42701,0.21559,0.25009,0.94084,0.000118359,0.000118359,0.000118359
17,1242.08,0.47069,6.75886,0.34907,0.54031,0.99994,0.99341,0.999,0.99492,0.93279,0.83974,0.82875,0.76561,0.17106,0.35753,3.8256,0.20197,0.2475,0.94381,0.000116982,0.000116982,0.000116982
18,1316.44,0.46299,6.68648,0.34864,0.52037,0.99764,0.99683,1,0.995,0.93637,0.83731,0.83383,0.77358,0.17887,0.34803,3.78962,0.21105,0.24146,0.93507,0.000115606,0.000115606,0.000115606
19,1388.39,0.46048,6.6241,0.34653,0.50869,0.99689,0.99566,0.999,0.99488,0.93748,0.88976,0.89089,0.86393,0.22644,0.34202,3.51287,0.20858,0.243,0.93149,0.00011423,0.00011423,0.00011423
20,1459.06,0.45863,6.49871,0.33889,0.49268,0.99602,0.99558,1,0.99499,0.93904,0.86002,0.85586,0.81936,0.18851,0.35305,3.61232,0.19192,0.23841,0.93938,0.000112854,0.000112854,0.000112854
21,1531.52,0.46611,6.40392,0.33254,0.48519,0.99764,0.99766,1,0.995,0.93268,0.88348,0.88188,0.83292,0.2131,0.35704,3.41901,0.18818,0.24559,0.94138,0.000111478,0.000111478,0.000111478
22,1602.31,0.45199,6.2011,0.33878,0.4679,0.99207,0.99701,0.99978,0.99498,0.93657,0.91247,0.90891,0.89093,0.26987,0.35489,3.18207,0.18859,0.239,0.93623,0.000110102,0.000110102,0.000110102
23,1670.54,0.45321,6.14156,0.33081,0.4614,0.98765,0.999,0.99978,0.995,0.93813,0.91527,0.90891,0.88967,0.28303,0.34469,3.08538,0.18496,0.23498,0.93329,0.000108726,0.000108726,0.000108726
24,1739.74,0.45301,6.07265,0.32806,0.44585,0.9897,0.99887,1,0.995,0.93309,0.91765,0.91091,0.88631,0.29108,0.36057,2.99687,0.18409,0.24657,0.9398,0.00010735,0.00010735,0.00010735
25,1812.55,0.44694,5.98056,0.32645,0.4366,0.98951,0.99894,1,0.995,0.93709,0.92992,0.92793,0.90566,0.30592,0.34557,2.92644,0.18474,0.23042,0.93153,0.000105974,0.000105974,0.000105974
26,1884.05,0.44852,5.89436,0.32268,0.43257,0.9851,0.99964,0.998,0.995,0.93966,0.92268,0.91981,0.90898,0.31485,0.3552,2.89261,0.18544,0.2292,0.93388,0.000104597,0.000104597,0.000104597
27,1954.17,0.44419,5.87288,0.31632,0.41857,0.98743,0.999,0.99973,0.995,0.93747,0.9286,0.92392,0.9103,0.31916,0.35444,2.88563,0.17563,0.24503,0.94044,0.000103221,0.000103221,0.000103221
28,2024.12,0.44818,5.81197,0.31969,0.41751,0.98781,0.998,0.99989,0.995,0.94128,0.93429,0.93093,0.92395,0.33583,0.349,2.87348,0.1607,0.2362,0.93495,0.000101845,0.000101845,0.000101845
29,2097.34,0.44066,5.84959,0.31434,0.40684,0.98461,0.998,0.99704,0.995,0.94422,0.94936,0.94494,0.93588,0.34893,0.33923,2.74881,0.163,0.22725,0.92598,0.000100469,0.000100469,0.000100469
30,2168.29,0.43988,5.69037,0.31454,0.40039,0.98533,0.99777,1,0.99499,0.94535,0.93657,0.93118,0.9244,0.34597,0.34074,2.76226,0.16638,0.22877,0.92714,9.90931e-05,9.90931e-05,9.90931e-05
31,2234.03,0.43752,5.64616,0.30941,0.39472,0.98679,0.99801,0.998,0.995,0.94202,0.93949,0.93257,0.93157,0.33806,0.34632,2.78181,0.15595,0.23576,0.93186,9.7717e-05,9.7717e-05,9.7717e-05
32,2300.54,0.43981,5.69255,0.30791,0.38748,0.98085,0.99788,1,0.995,0.94816,0.94714,0.94494,0.94306,0.38073,0.33656,2.62404,0.16104,0.21874,0.92573,9.63409e-05,9.63409e-05,9.63409e-05
33,2366.14,0.43539,5.61795,0.30594,0.38096,0.97986,0.999,0.99976,0.995,0.94471,0.94098,0.93594,0.92984,0.36978,0.34241,2.69881,0.16637,0.21853,0.9283,9.49648e-05,9.49648e-05,9.49648e-05
34,2432.54,0.43828,5.59003,0.30049,0.38044,0.98191,0.99851,1,0.99495,0.94585,0.93885,0.93752,0.92641,0.35781,0.3374,2.69619,0.15392,0.2285,0.9249,9.35887e-05,9.35887e-05,9.35887e-05
35,2499.5,0.43125,5.51815,0.30177,0.37297,0.97687,0.99873,1,0.99499,0.94244,0.94619,0.94494,0.93623,0.37147,0.34827,2.62767,0.15207,0.23152,0.93037,9.22126e-05,9.22126e-05,9.22126e-05
36,2567.19,0.43417,5.52603,0.29266,0.36754,0.97734,0.99783,1,0.995,0.94188,0.94958,0.94795,0.94434,0.38649,0.34873,2.65185,0.14367,0.22986,0.93254,9.08365e-05,9.08365e-05,9.08365e-05
37,2633.42,0.43577,5.4919,0.29562,0.36406,0.98273,0.99822,0.999,0.995,0.94294,0.94394,0.94379,0.93789,0.36874,0.33869,2.61466,0.14785,0.21737,0.92284,8.94604e-05,8.94604e-05,8.94604e-05
38,2699.76,0.43445,5.52474,0.29443,0.35556,0.98168,0.9989,1,0.995,0.94702,0.94477,0.94294,0.94081,0.39812,0.34321,2.53432,0.15151,0.21305,0.92817,8.80843e-05,8.80843e-05,8.80843e-05
39,2766.37,0.42787,5.38794,0.29295,0.35284,0.98046,0.99896,1,0.995,0.94551,0.95499,0.95596,0.95514,0.40496,0.34443,2.52891,0.14247,0.21695,0.93022,8.67082e-05,8.67082e-05,8.67082e-05
40,2832.14,0.43059,5.43764,0.28944,0.35259,0.98092,0.99891,1,0.995,0.9489,0.95184,0.94968,0.9487,0.41198,0.3371,2.49917,0.14473,0.21783,0.92533,8.53321e-05,8.53321e-05,8.53321e-05
41,2897.82,0.42427,5.34591,0.28861,0.34803,0.97568,0.99861,1,0.99499,0.94811,0.95291,0.95208,0.95511,0.41708,0.33795,2.49786,0.13862,0.21334,0.92434,8.3956e-05,8.3956e-05,8.3956e-05
42,2964.62,0.42599,5.31728,0.28318,0.34918,0.97852,0.9985,1,0.995,0.94748,0.95407,0.95095,0.9504,0.4131,0.33208,2.44971,0.13872,0.20918,0.92255,8.25799e-05,8.25799e-05,8.25799e-05
43,3029.73,0.4193,5.33563,0.28127,0.33896,0.9707,0.99859,1,0.995,0.94639,0.95416,0.95295,0.95417,0.43358,0.334,2.40085,0.14027,0.20937,0.92085,8.12038e-05,8.12038e-05,8.12038e-05
44,3095.41,0.41847,5.23731,0.27969,0.33334,0.97078,0.99887,1,0.995,0.9474,0.956,0.95395,0.9549,0.42249,0.33489,2.43051,0.14153,0.20424,0.92061,7.98277e-05,7.98277e-05,7.98277e-05
45,3160.34,0.41828,5.23041,0.27789,0.33031,0.9708,0.99787,1,0.995,0.94745,0.95874,0.95596,0.95422,0.42379,0.33059,2.43324,0.13471,0.20593,0.92155,7.84516e-05,7.84516e-05,7.84516e-05
46,3225.98,0.4232,5.2364,0.2748,0.33189,0.97454,0.99797,1,0.99499,0.94562,0.95662,0.95796,0.95119,0.42459,0.33413,2.38512,0.1303,0.20535,0.92261,7.70755e-05,7.70755e-05,7.70755e-05
47,3290.92,0.41614,5.17138,0.27509,0.32794,0.96998,0.99858,1,0.995,0.94737,0.94797,0.94895,0.94016,0.41458,0.32689,2.42572,0.13182,0.20091,0.9177,7.56994e-05,7.56994e-05,7.56994e-05
48,3355.75,0.41562,5.18878,0.2731,0.32099,0.96727,0.999,0.99964,0.995,0.94535,0.95996,0.95999,0.95991,0.43861,0.33138,2.34422,0.1311,0.20171,0.924,7.43233e-05,7.43233e-05,7.43233e-05
49,3421.5,0.42239,5.16814,0.27109,0.32238,0.97118,0.9987,1,0.995,0.94647,0.95507,0.95495,0.95322,0.4384,0.33131,2.35232,0.12744,0.2046,0.92136,7.29472e-05,7.29472e-05,7.29472e-05
50,3487.13,0.41821,5.09909,0.2687,0.3166,0.9676,0.99892,1,0.995,0.9456,0.962,0.96296,0.96339,0.43644,0.33448,2.31797,0.13161,0.20203,0.92272,7.15711e-05,7.15711e-05,7.15711e-05
51,3552.81,0.4205,5.07668,0.26469,0.31806,0.97085,0.99871,1,0.995,0.94938,0.96194,0.96141,0.96176,0.44701,0.32945,2.33037,0.1229,0.20505,0.91886,7.0195e-05,7.0195e-05,7.0195e-05
52,3617.84,0.41579,5.07211,0.26486,0.31345,0.96954,0.99886,1,0.995,0.94825,0.95487,0.95596,0.95054,0.43861,0.32521,2.32925,0.12024,0.20092,0.91674,6.88189e-05,6.88189e-05,6.88189e-05
53,3682.71,0.42046,5.09285,0.26183,0.31313,0.97185,0.99893,1,0.995,0.9485,0.95848,0.95896,0.95249,0.43935,0.33116,2.32789,0.12425,0.19986,0.91965,6.74428e-05,6.74428e-05,6.74428e-05
54,3748.35,0.41024,5.01137,0.26143,0.3044,0.96449,0.99889,1,0.995,0.94649,0.9676,0.96697,0.96302,0.45401,0.32989,2.28276,0.12241,0.19869,0.91821,6.60667e-05,6.60667e-05,6.60667e-05
55,3813.24,0.41406,5.01367,0.25664,0.30757,0.96796,0.99896,1,0.995,0.94907,0.95408,0.95495,0.95378,0.44298,0.3225,2.30974,0.12457,0.1981,0.91544,6.46906e-05,6.46906e-05,6.46906e-05
56,3878.51,0.4103,5.03124,0.25662,0.30413,0.96585,0.99899,1,0.995,0.94964,0.96241,0.96196,0.96106,0.46245,0.32655,2.25282,0.11895,0.19633,0.9187,6.33145e-05,6.33145e-05,6.33145e-05
57,3943.78,0.406,4.94021,0.2576,0.29841,0.96424,0.99891,1,0.995,0.95015,0.96194,0.96151,0.96129,0.46763,0.32436,2.24377,0.11686,0.19734,0.9177,6.19384e-05,6.19384e-05,6.19384e-05
58,4010.03,0.40679,5.02359,0.25469,0.29987,0.9677,0.99938,1,0.995,0.94849,0.96093,0.96014,0.95851,0.46277,0.3255,2.24264,0.11967,0.19555,0.91677,6.05623e-05,6.05623e-05,6.05623e-05
59,4074.84,0.40883,5.01873,0.25233,0.29769,0.96692,0.99893,1,0.995,0.94971,0.96093,0.96196,0.96156,0.46349,0.32661,2.23446,0.12014,0.19398,0.91579,5.91862e-05,5.91862e-05,5.91862e-05
60,4139.75,0.407,4.94458,0.24835,0.29681,0.96728,0.99966,1,0.995,0.94993,0.96093,0.96017,0.96013,0.46344,0.32406,2.23937,0.11209,0.19057,0.91394,5.78101e-05,5.78101e-05,5.78101e-05
61,4205.19,0.40173,4.95328,0.24639,0.29608,0.9644,0.99891,1,0.995,0.95101,0.96332,0.96296,0.96115,0.46812,0.3278,2.24009,0.1198,0.1924,0.91871,5.6434e-05,5.6434e-05,5.6434e-05
62,4270.13,0.39591,4.86959,0.25015,0.28632,0.96182,0.99892,1,0.995,0.95105,0.96691,0.96536,0.96445,0.4829,0.3275,2.19442,0.11651,0.18882,0.91704,5.50579e-05,5.50579e-05,5.50579e-05
63,4335.07,0.39167,4.81012,0.24771,0.28194,0.96098,0.99893,1,0.995,0.95487,0.96593,0.96697,0.96734,0.47887,0.32258,2.20283,0.10563,0.19247,0.91315,5.36818e-05,5.36818e-05,5.36818e-05
64,4400.64,0.39857,4.80971,0.24185,0.28667,0.95736,0.99893,1,0.995,0.95019,0.96345,0.96196,0.96075,0.47666,0.32608,2.19284,0.11221,0.19066,0.91515,5.23057e-05,5.23057e-05,5.23057e-05
65,4465.41,0.40245,4.9099,0.23947,0.28974,0.96584,0.99893,1,0.995,0.95081,0.96893,0.96774,0.96523,0.48124,0.3251,2.15987,0.10855,0.19158,0.91513,5.09296e-05,5.09296e-05,5.09296e-05
66,4530.97,0.4002,4.87442,0.23975,0.28459,0.96123,0.99891,1,0.995,0.95116,0.96392,0.96496,0.96231,0.46852,0.31876,2.21236,0.10948,0.18685,0.91343,4.95535e-05,4.95535e-05,4.95535e-05
67,4595.74,0.39854,4.8216,0.23741,0.28259,0.96096,0.99892,1,0.995,0.94968,0.96496,0.96478,0.96125,0.47339,0.32156,2.17923,0.10546,0.18739,0.91534,4.81774e-05,4.81774e-05,4.81774e-05
68,4660.61,0.39303,4.77433,0.23754,0.28325,0.95858,0.99896,1,0.995,0.95221,0.969,0.96997,0.96803,0.49667,0.32065,2.1384,0.1074,0.18644,0.91184,4.68013e-05,4.68013e-05,4.68013e-05
69,4726.12,0.40209,4.83828,0.23358,0.28464,0.9601,0.99892,1,0.995,0.95512,0.96948,0.96797,0.97069,0.49512,0.31987,2.15229,0.1023,0.18659,0.91279,4.54252e-05,4.54252e-05,4.54252e-05
70,4791.33,0.39072,4.74388,0.23378,0.27646,0.95996,0.99889,1,0.995,0.95703,0.96676,0.96496,0.96686,0.49668,0.31982,2.16182,0.10714,0.18885,0.9114,4.40491e-05,4.40491e-05,4.40491e-05
71,4856.26,0.39,4.71744,0.23081,0.27591,0.95189,0.99891,1,0.995,0.95551,0.96684,0.96496,0.96667,0.50028,0.31473,2.13283,0.10255,0.1843,0.90931,4.2673e-05,4.2673e-05,4.2673e-05
72,4921.75,0.3925,4.74161,0.23078,0.27852,0.95935,0.99892,1,0.995,0.9562,0.96682,0.96597,0.96894,0.50094,0.31646,2.136,0.1023,0.18137,0.91095,4.12969e-05,4.12969e-05,4.12969e-05
73,4986.63,0.39388,4.77121,0.22936,0.27731,0.95868,0.99892,1,0.995,0.95499,0.96597,0.96615,0.96349,0.49582,0.31892,2.12795,0.09959,0.18428,0.91316,3.99208e-05,3.99208e-05,3.99208e-05
74,5051.92,0.39145,4.66669,0.23105,0.27304,0.95856,0.99893,1,0.995,0.95444,0.97099,0.96997,0.97311,0.5019,0.3191,2.12532,0.10333,0.18185,0.9121,3.85447e-05,3.85447e-05,3.85447e-05
75,5116.72,0.38753,4.66193,0.22926,0.27271,0.95361,0.99891,1,0.995,0.95476,0.97229,0.97097,0.97324,0.505,0.31667,2.109,0.098,0.18185,0.91087,3.71686e-05,3.71686e-05,3.71686e-05
76,5182.15,0.39082,4.77514,0.2271,0.27156,0.95972,0.99892,1,0.995,0.95676,0.96892,0.96997,0.97066,0.50504,0.31577,2.12908,0.09871,0.17909,0.91077,3.57925e-05,3.57925e-05,3.57925e-05
77,5246.91,0.38902,4.69141,0.2277,0.27138,0.95824,0.99891,1,0.995,0.95586,0.96847,0.96697,0.9685,0.5068,0.322,2.11568,0.09917,0.1832,0.91318,3.44164e-05,3.44164e-05,3.44164e-05
78,5311.62,0.38963,4.66658,0.22311,0.27148,0.95448,0.99898,1,0.995,0.95785,0.97093,0.96971,0.97426,0.51661,0.31848,2.1056,0.10081,0.18177,0.91156,3.30403e-05,3.30403e-05,3.30403e-05
79,5377.25,0.38383,4.60405,0.2253,0.26735,0.94945,0.99897,1,0.995,0.95839,0.96993,0.96856,0.97328,0.51719,0.31915,2.10339,0.09868,0.18182,0.91126,3.16642e-05,3.16642e-05,3.16642e-05
80,5442.25,0.38932,4.59229,0.22272,0.27006,0.95451,0.99892,1,0.995,0.95719,0.97295,0.97205,0.97572,0.50856,0.31703,2.10263,0.09775,0.17965,0.91159,3.02881e-05,3.02881e-05,3.02881e-05
81,5508.43,0.38732,4.65122,0.22227,0.26992,0.95747,0.99892,1,0.995,0.95601,0.97396,0.97334,0.97491,0.50899,0.31809,2.09351,0.09742,0.18076,0.9129,2.8912e-05,2.8912e-05,2.8912e-05
82,5573.41,0.38544,4.62518,0.22414,0.2662,0.956,0.99891,1,0.995,0.95807,0.96956,0.96897,0.96995,0.51075,0.3151,2.10236,0.09809,0.17993,0.91026,2.75359e-05,2.75359e-05,2.75359e-05
83,5639.49,0.38527,4.65467,0.2205,0.2671,0.95421,0.9989,1,0.995,0.95749,0.97118,0.97097,0.97448,0.50988,0.3165,2.09788,0.09308,0.18013,0.90973,2.61598e-05,2.61598e-05,2.61598e-05
84,5704.38,0.38213,4.58621,0.22194,0.26629,0.95289,0.99889,1,0.995,0.95524,0.96891,0.96797,0.97077,0.51155,0.31609,2.08265,0.09253,0.17969,0.90965,2.47837e-05,2.47837e-05,2.47837e-05
85,5769.16,0.38082,4.54854,0.22023,0.26366,0.95328,0.99892,1,0.995,0.9544,0.96992,0.97097,0.97441,0.51185,0.31396,2.08473,0.096,0.17803,0.90781,2.34076e-05,2.34076e-05,2.34076e-05
86,5834.55,0.38287,4.59162,0.21881,0.26474,0.9517,0.99891,1,0.995,0.95865,0.97248,0.97197,0.97729,0.52289,0.31634,2.05843,0.09305,0.17777,0.91034,2.20315e-05,2.20315e-05,2.20315e-05
87,5899.1,0.37665,4.53252,0.21935,0.26127,0.95073,0.99892,1,0.995,0.95965,0.96755,0.96697,0.96889,0.51484,0.31269,2.07442,0.09261,0.17792,0.90656,2.06554e-05,2.06554e-05,2.06554e-05
88,5964.33,0.37783,4.55197,0.21956,0.26002,0.94955,0.99892,1,0.995,0.95735,0.96827,0.96697,0.96921,0.5204,0.31332,2.06731,0.09401,0.17569,0.90781,1.92793e-05,1.92793e-05,1.92793e-05
89,6029.14,0.375,4.52409,0.21784,0.26154,0.94923,0.99892,1,0.995,0.95587,0.97379,0.97297,0.97718,0.51988,0.31512,2.05718,0.09472,0.17593,0.9086,1.79032e-05,1.79032e-05,1.79032e-05
90,6094.75,0.37916,4.52197,0.21582,0.2602,0.95488,0.99891,1,0.995,0.95635,0.9709,0.96997,0.97448,0.51872,0.31394,2.06165,0.09113,0.17557,0.90808,1.65271e-05,1.65271e-05,1.65271e-05
91,6196.99,0.28867,2.1294,0.10511,0.21414,0.89377,0.9998,1,0.995,0.95012,0.97178,0.97197,0.96821,0.4911,0.31168,2.05924,0.06039,0.17377,0.90614,1.5151e-05,1.5151e-05,1.5151e-05
92,6261.6,0.27959,2.08787,0.07913,0.2071,0.88783,0.99988,1,0.995,0.95107,0.97386,0.97397,0.96722,0.49499,0.31272,2.04721,0.04589,0.17254,0.90635,1.37749e-05,1.37749e-05,1.37749e-05
93,6326.66,0.27951,2.04662,0.07292,0.20267,0.8869,0.9999,1,0.995,0.95062,0.97688,0.97698,0.97068,0.50308,0.312,2.03488,0.04194,0.1711,0.90557,1.23988e-05,1.23988e-05,1.23988e-05
94,6391.19,0.27577,2.04715,0.06977,0.20117,0.89087,0.99991,1,0.995,0.95292,0.97789,0.97798,0.97279,0.50719,0.31024,2.02529,0.03875,0.17025,0.90477,1.10227e-05,1.10227e-05,1.10227e-05
95,6456.16,0.27572,2.01119,0.0639,0.19862,0.88713,0.99992,1,0.995,0.95327,0.97289,0.97297,0.96855,0.50957,0.31077,2.02268,0.03621,0.16998,0.90522,9.6466e-06,9.6466e-06,9.6466e-06
96,6520.48,0.27601,1.99245,0.06231,0.19633,0.87981,0.99992,1,0.995,0.95341,0.97289,0.97297,0.9694,0.51081,0.31034,2.0204,0.03473,0.16976,0.90519,8.2705e-06,8.2705e-06,8.2705e-06
97,6584.69,0.27069,1.98837,0.06158,0.19321,0.8837,0.99992,1,0.995,0.95391,0.9729,0.97297,0.96895,0.50868,0.30964,2.01794,0.0333,0.16946,0.90447,6.8944e-06,6.8944e-06,6.8944e-06
98,6649.55,0.27079,1.97579,0.05981,0.19311,0.88385,0.99993,1,0.995,0.95341,0.9719,0.97197,0.96833,0.51015,0.30888,2.01022,0.03308,0.16931,0.90393,5.5183e-06,5.5183e-06,5.5183e-06
99,6714.01,0.2701,1.95982,0.05822,0.19231,0.88192,0.99993,1,0.995,0.95366,0.9709,0.97097,0.96877,0.51296,0.30812,2.007,0.03189,0.16864,0.90381,4.1422e-06,4.1422e-06,4.1422e-06
100,6779.06,0.2668,1.94533,0.05653,0.18961,0.87517,0.99993,1,0.995,0.95324,0.9719,0.97197,0.96953,0.51554,0.30829,2.0056,0.03135,0.16843,0.90347,2.7661e-06,2.7661e-06,2.7661e-06
